brand,domain
Centric Sportswear,centricwear.com
David's Cookies,davidscookies.com
Helen Jon,helenjon.com
Rachael Ray,rachaelray.com
Specc's Chocolat,speccsfudge.com
Bubbeau,hellobubble.com
Brochu Walker,brochuwalker.com
Kremp Florist,kremp.com
BakerCrate,bakercrate.com
Cubitt,cubitfurniture.com
Touchland,touchland.com
Plushie Dreadfuls,plushiedreadfuls.com
Takeya USA,takeyausa.com
Bougie Beasts,thebougiepetboutique.com
Dovetail Workwear,dovetailworkwear.com
ZQuiet,zquiet.com
Gnarly Nutrition,gognarly.com
Thread,threadc.com
Piscifun,piscifun.com
BlushVibe.com,blushvibe.com
Caudabe,caudabe.com
Cheer Up Games,cheerupgames.com
Mega Cat Studios,megacatstudios.com
Holocuren Miracle,holocuren.com
KINK3D,kink3d.com
Rogue Energy,rogueenergy.com
AMEICO,ameico.com
Local Pervert,shoplocalpervert.com
Hystar,hystar.com
Mount-It!,mount-it.com
Collared Foxy,collaredfoxy.com
Kosmic Kandles,kosmickandles.com
ABYstyle,abystyle.us
Craftmix,craftmix.com
Mojo Gummies,mojo.shop
Bio Bidet,biobidet.com
Eddie Bauer Kids,eddiebauerkids.com
Cubitts,cubitts.com
Chargeasap,chargeasap.com
Melissa & Doug,melissaanddoug.com
Rosephoria,rosephoria.com
KORA Organics,koraorganics.com
Grow by Gifting,growbygifting.com
Maaji,maaji.com
RAËLIV Boutique,raeliv.boutique
iEDM,iedm.com
Girls Crew,shopgirlscrew.com
Judy Blue,judybluejeans.com
Dolls Kill,dollskill.com
BWH Plant Co,bwhplantco.com
Seattle Coffee Gear,seattlecoffeegear.com
VOLOOM,voloom.com
HUE,hue.com
Soko Glam,sokoglam.com
LEKI USA,lekiusa.com
King of Christmas,kingofchristmas.com
Pure Parima,pureparima.com
ELEVEN Australia,elevenaustralia.com
Game Face Grooming,gamefacegrooming.com
tonies,tonies.com
Speck Products,speckproducts.com
Windsor,windsorstore.com
Hill House Home,hillhousehome.com
Autumn Cashmere,autumncashmere.com
Mayfairsilk,mayfairsilk.com
Unbound,unboundbabes.com
Wildflower Cases,wildflowercases.com
Manitobah USA,manitobah.com
Stila Cosmetics,stilacosmetics.com
Maxi-Cosi,maxicosi.com
Fantastic Fungi,fantasticfungi.com
Hudson Jeans,hudsonjeans.com
Buddha Board,buddhaboard.com
Aera,aeraforhome.com
AFRM,shopafrm.com
Flaviar,flaviar.com
Amiees,amiees.com
Le Monde Gourmand,gourmandbeauty.com
Surface Hair,surfacehair.com
Woolly Clothing Co,woolly.clothing
The Loomia,loomia.com
Terra Thread,terrathread.com
Ksubi US,ksubi.com
Johanna Ortiz,johannaortiz.com
Wildebeest,wildebeest.co
GhostBed,ghostbed.com
Promescent,promescent.com
Side Quest Shoppe,sidequestshoppe.com
CRAFTD.com,craftdlondon.com
SABO,saboskirt.com
White Mountain,whitemountain.com
Sparkle In Pink,sparkleinpink.com
True,trueclothing.net
House of Macadamias,houseofmacadamias.com
MUNBYN,munbyn.com
augustnoa,augustnoa.com
Grind,grindcoffee.co
Ascent Nutrition,goascentnutrition.com
Cozy Earth,cozyearth.com
Hurom,hurom.com
Loftie,byloftie.com
Black Limba,blacklimba.com
Energy Muse,energymuse.com
Sara Happ,sarahapp.com
KINGSTON Brass,kingstonbrass.com
Terra Keycaps,terrakeycaps.com
Popkiller,popkiller.us
cpap.com,cpap.com
OUPES,oupes.com
Wanan Luxury,wananluxury.com
House of Noa,thehouseofnoa.com
Hauty,hauty.com
ALC LTD,alcltd.com
Lizush,lizush.com
Vitamin A,vitaminaswim.com
Puritan Candy,puritancandy.com
Farsedakis Beauty,farsedakis.com
AromaTech,aromatechscent.com
Anirollz,anirollz.com
ezpz,ezpzfun.com
Mac Duggal,macduggal.com
Church California,churchboutique.com
Holderness & Bourne,holdernessandbourne.com
Sunday Scaries,sundayscaries.com
Etekcity,etekcity.com
Barton Watch,bartonwatchbands.com
Gnara,gnara.com
OTAKU,otaku.shop
Taos Footwear,taosfootwear.com
NAGHEDI,naghedinyc.com
Saranghae Skincare,lovesaranghae.com
Spirit Shop,spiritshop.com
Little Genie Productions,littlegenieproductions.com
Beyond Yoga,beyondyoga.com
STAUD,staud.clothing
SLEEFS,sleefs.com
Verillas,verillas.com
IMARKU,imarku.net
Miko,miko.ai
Paddywax,paddywax.com
Basepaws,basepaws.com
Aerosoles,aerosoles.com
Italic,italic.com
NOYZ,noyz.com
Gatherall,wegatherall.com
DRAGON GLASSWARE,dragonglassware.com
iRESTORE Hair Growth,irestorelaser.com
Juicy Couture,juicycouture.com
Global Grub,globalgrub.com
Artistic Tile,artistictile.com
Forest Spa Finland,forestspafinland.com
VI Derm,vipeel.com
Bella Dahl,belladahl.com
Stripe & Stare,stripeandstare.com
DAGNE DOVER,dagnedover.com
Kawaii Babe,kawaiibabe.com
Beginning Boutique US,beginningboutique.com
Viome,viome.com
Nexbelt,nexbelt.com
Jackery,jackery.com
TeeFury,teefury.com
Bellora Bijoux,bellora-bijoux.com
GTHIC,gthic.com
KLAIYI,klaiyihair.com
kozēkozē,kozekoze.com
Adanola,adanola.com
Super Smalls,supersmalls.com
Hook & Tackle,hookandtackle.com
nixit,nixit.com
VICI,vicicollection.com
Giraffe Tools US,giraffetools.com
Tropeaka,tropeaka.com
Great Jones,greatjonesgoods.com
Ohmmm,ohmmm.com
Ongaro Beauty,ongarobeauty.com
Miranda Frye,mirandafrye.com
ella+mila,ellamila.com
