brand,domain,email,email_source
Gbruno,gbrunostore.com,hello@gbrunostore.com,fallback
Beneunder,beneunder.com,support@beneunder.com,https://beneunder.com
Vaultskin,vaultskin.com,info@vaultskin.com,https://vaultskin.com
Alpha Industries,alphaindustries.com,customerservice@alphaindustries.com,https://alphaindustries.com
Turtle Wax,turtlewax.com,hello@turtlewax.com,fallback
Janessa Leone,janessaleone.com,info@janessaleone.com,https://janessaleone.com/pages/contact-us
ARRAN Sense of Scotland,arran.com,claire.logan@arran.com,https://arran.com
DrinkGamerGirl,drinkgamergirl.com,contact@drinkgamergirl.com,https://drinkgamergirl.com/pages/contact
Swiftwick,swiftwick.com,info@swiftwick.com,https://swiftwick.com
VIM & VIGR,vimvigr.com,orders@vimvigr.com,https://vimvigr.com
Pura Vida Bracelets,puravidabracelets.com,hello@puravidabracelets.com,fallback
Copenhagen Grooming,cphgrooming.com,support@cphgrooming.com,https://cphgrooming.com/contact
Magic Mind,magicmind.com,hello@magicmind.com,https://magicmind.com
Francesca Jewellery,francesca.com.au,hannah@francesca.com.au,https://francesca.com.au
Alen,alen.com,hello@alen.com,fallback
Ming Wang,mingwang.com,hello@mingwang.com,fallback
Guest In Residence,guestinresidence.com,contact@guestinresidence.com,https://guestinresidence.com/pages/contact
August Home,august.com,support@august.com,https://august.com/contact-us
Jackalo,hellojackalo.com,hello@hellojackalo.com,fallback
Peepers,peepers.com,hello@peepers.com,https://peepers.com
Birdsong,birdsong.org.uk,info@birdsong.org.uk,https://birdsong.org.uk
Pins and Aces,pinsandaces.com,info@pinsandaces.com,https://pinsandaces.com
Made in TN,shopmadeintn.com,sales@shopmadeintn.com,https://shopmadeintn.com
X-Chair,xchair.com,support@xchair.com,https://xchair.com/contact-us
Kut from the Kloth,kutfromthekloth.com,hello@kutfromthekloth.com,fallback
Casa Amarosa,casaamarosa.com,hello@casaamarosa.com,https://casaamarosa.com
Sorcery Apparel,sorceryapparel.com,hello@sorceryapparel.com,fallback
OneSkin,oneskin.co,support@oneskin.co,https://oneskin.co
AXWELL,axwellmerch.com,hello@axwellmerch.com,fallback
Small Axe Peppers,smallaxepeppers.com,hello@smallaxepeppers.com,fallback
iLeveled,ileveled.com,hello@ileveled.com,fallback
Baloo Living,balooliving.com,care@balooliving.com,https://balooliving.com/pages/contact-us
AGMES,agmesnyc.com,hello@agmesnyc.com,fallback
Rise & Fall,riseandfallus.com,hello@riseandfallus.com,fallback
Mirabella Beauty,mirabellabeauty.com,info@mirabellabeauty.com,https://mirabellabeauty.com/contact-us
Vaer Watches,vaerwatches.com,hello@vaerwatches.com,fallback
Zipchair,zipchair.com,info@zipchair.com,https://zipchair.com
OOSC Clothing,oosc-clothing.com,hello@oosc-clothing.com,https://oosc-clothing.com/contact-us
Aniise,aniise.com,hello@aniise.com,fallback
Quoted Tech,quoted.tech,sales@quoted.tech,https://quoted.tech/contact
Swanky Badger,swankybadger.com,hello@swankybadger.com,fallback
Bentgo,bentgo.com,support@bentgo.com,https://bentgo.com/pages/contact-us
Devon Windsor,devonwindsor.com,hello@devonwindsor.com,fallback
Loeffler Randall,loefflerrandall.com,service@loefflerrandall.com,https://loefflerrandall.com
Slowtide,slowtide.co,hello@slowtide.co,https://slowtide.co/pages/contact
TVStoreOnline,tvstoreonline.com,support@tvstoreonline.com,https://tvstoreonline.com
Subset,wearsubset.com,hello@wearsubset.com,https://wearsubset.com
Solei Studios,soleistudios.com,info@soleistudios.com,https://soleistudios.com/pages/contact-us
Works of Whimsy,worksofwhimsystudios.com,hello@worksofwhimsystudios.com,fallback
Craighill,craighill.co,info@craighill.co,https://craighill.co/pages/contact
Step2,step2.com,hello@step2.com,fallback
Elite Sports,elitesports.com,hello@elitesports.com,fallback
Snuggle Me Organic,snugglemeorganic.com,inquiries@snugglemeorganic.com,https://snugglemeorganic.com
Aviator Nation,aviatornation.com,hello@aviatornation.com,fallback
